user_id,target_item,hit_rate,ndcg
125,568,1,0.6309297535714573
31,514,1,0.1817423735235338
200,215,1,0.6309297535714573
439,14,1,0.4184341381039892
155,321,1,0.1817423735235338
